Hello,Hello World!
hi,I don't know.<br><br>You can try this from my friend Google: <a target='_blank' href='https://www.google.com/search?q=hi'>hi</a>
Hello,Hello World!
hi,I'm not an expert on that.<br><br>You can try this from my friend Google: <a target='_blank' href='https://www.google.com/search?q=hi'>hi</a>
Hello,Hello World!
hi,I'm not an expert on that.<br><br>You can try this from my friend Google: <a target='_blank' href='https://www.google.com/search?q=hi'>hi</a>
bye,I could not tell you.<br><br>You can try this from my friend Google: <a target='_blank' href='https://www.google.com/search?q=bye'>bye</a>
you are nic,I'll need to take some time to think on that.<br><br>You can try this from my friend Google: <a target='_blank' href='https://www.google.com/search?q=you are nic'>you are nic</a>
Hello,Hello to you!
hi,I'm not an expert on that.<br><br>You can try this from my friend Google: <a target='_blank' href='https://www.google.com/search?q=hi'>hi</a>
hello,Hey!
nice to meet you ,It's nice to meet you too!
my name is raginee,There are some things I just don't know about yet.<br><br>You can try this from my friend Google: <a target='_blank' href='https://www.google.com/search?q=my name is raginee'>my name is raginee</a>
what is time,I don't know.<br><br>You can try this from my friend Google: <a target='_blank' href='https://www.google.com/search?q=what is time'>what is time</a>
what time is it?,The time is now 3:11 PM EST
time?,I could not tell you.<br><br>You can try this from my friend Google: <a target='_blank' href='https://www.google.com/search?q=time?'>time?</a>
